git_hash,mean,stddev,median,user,system,min,max,git_message
cc4084c,0.008977039009293681,0.00043040933765742836,0.008984574500000002,0.0054731589591078085,0.0035244883271375494,0.007994881500000002,0.010219110500000001,fixed test script
