git_hash,mean,stddev,median,user,system,min,max,git_message
cc4084c,0.008977039009293681,0.00043040933765742836,0.008984574500000002,0.0054731589591078085,0.0035244883271375494,0.007994881500000002,0.010219110500000001,fixed test script
6a68653,0.01221567939276381,0.0004414694264313236,0.012172110840000002,0.007784671859296486,0.00437561788944724,0.011399879840000002,0.013371882840000002,Added packer
bab3f58,0.013408186904878048,0.001082787877070997,0.0131720909,0.008246815609756094,0.004993562439024387,0.0120057359,0.0179579989,Added options
