git_hash,mean,stddev,median,user,system,min,max,git_message
680d31e,0.044159872526865686,0.0026168384836580305,0.0428895179,0.030652149850746272,0.011940203283582088,0.0413213029,0.052808279900000005,added omnisharp lspconfig
e3a8f65,0.032750221379080464,0.0006945611794152604,0.03271797354000001,0.022595263908045976,0.009930220459770114,0.03157761354000001,0.03671908454,Merge branch 'dev'
