git_hash,mean,stddev,median,user,system,min,max,git_message
680d31e,0.044159872526865686,0.0026168384836580305,0.0428895179,0.030652149850746272,0.011940203283582088,0.0413213029,0.052808279900000005,added omnisharp lspconfig
