{
  "results": [
    {
      "command": "nvim --headless +qa",
      "mean": 0.0073818794968115945,
      "stddev": 0.0010586608058394625,
      "median": 0.00717155162,
      "user": 0.004557222608695654,
      "system": 0.0029735518840579697,
      "min": 0.00662305612,
      "max": 0.018260939120000003,
      "times": [
        0.018260939120000003,
        0.010375291120000001,
        0.00802477712,
        0.007398159120000001,
        0.007268374120000001,
        0.007070152120000001,
        0.00722215012,
        0.00756969412,
        0.00747305912,
        0.00690813012,
        0.00694821612,
        0.006859242120000001,
        0.00684517412,
        0.0068925911199999995,
        0.007072878120000001,
        0.006901599120000001,
        0.00730933412,
        0.006982331120000001,
        0.00689798512,
        0.00685990612,
        0.00683685212,
        0.007081295120000001,
        0.00752497112,
        0.006950919120000001,
        0.00696957812,
        0.00679538212,
        0.00690471212,
        0.00690797412,
        0.00707448412,
        0.00737254612,
        0.00690778412,
        0.00683915712,
        0.00691050512,
        0.006860260120000001,
        0.0069810761200000005,
        0.00699721612,
        0.0068996241199999996,
        0.0075399551200000005,
        0.006964448120000001,
        0.00685794812,
        0.006778850120000001,
        0.00671739012,
        0.00677088312,
        0.00735507312,
        0.006930769120000001,
        0.00663209612,
        0.00662305612,
        0.0066412691199999995,
        0.007041687120000001,
        0.00849043212,
        0.00829529912,
        0.00808525712,
        0.00811085112,
        0.00854007512,
        0.008086856120000001,
        0.00820735912,
        0.00807482912,
        0.008416962120000001,
        0.008118495120000001,
        0.00804234012,
        0.00806772512,
        0.00861937512,
        0.00817607312,
        0.00815716612,
        0.008067448120000001,
        0.0075932501200000006,
        0.006655718120000001,
        0.00712547212,
        0.00748222112,
        0.00732794212,
        0.007189401120000001,
        0.00706632812,
        0.007167406120000001,
        0.00719905012,
        0.007323606120000001,
        0.00749554912,
        0.007246012120000001,
        0.007101096120000001,
        0.0071523911200000005,
        0.00707144512,
        0.00719344412,
        0.007263772120000001,
        0.007725593120000001,
        0.007386196120000001,
        0.00715461712,
        0.00705651312,
        0.007130619120000001,
        0.007092738120000001,
        0.007280834120000001,
        0.0075782811200000005,
        0.007331790120000001,
        0.007077436120000001,
        0.00714536212,
        0.007037571120000001,
        0.00685680212,
        0.00706877012,
        0.007182431120000001,
        0.007982003120000001,
        0.007269916120000001,
        0.00717267112,
        0.00723826812,
        0.007205939120000001,
        0.00738020312,
        0.00769383612,
        0.00722414012,
        0.00717043212,
        0.007142552120000001,
        0.00735733712,
        0.00722818112,
        0.007335926120000001,
        0.00732074412,
        0.00760476312,
        0.00715071812,
        0.00722753812,
        0.00712116112,
        0.007130507120000001,
        0.00719880312,
        0.007535522120000001,
        0.007219122120000001,
        0.007110439120000001,
        0.007145917120000001,
        0.007080151120000001,
        0.00717429512,
        0.0072727741200000005,
        0.007141550120000001,
        0.007538712120000001,
        0.007273702120000001,
        0.00708165912,
        0.007134929120000001,
        0.006791993120000001,
        0.00707923612,
        0.00753814412,
        0.00721537312,
        0.00716750912,
        0.00715092912,
        0.007079341120000001,
        0.00710731312,
        0.0075811681200000005
      ],
      "exit_codes": [
        0,
        0,
        0,
        0,
        0,
        0,
        0,
        0,
        0,
        0,
        0,
        0,
        0,
        0,
        0,
        0,
        0,
        0,
        0,
        0,
        0,
        0,
        0,
        0,
        0,
        0,
        0,
        0,
        0,
        0,
        0,
        0,
        0,
        0,
        0,
        0,
        0,
        0,
        0,
        0,
        0,
        0,
        0,
        0,
        0,
        0,
        0,
        0,
        0,
        0,
        0,
        0,
        0,
        0,
        0,
        0,
        0,
        0,
        0,
        0,
        0,
        0,
        0,
        0,
        0,
        0,
        0,
        0,
        0,
        0,
        0,
        0,
        0,
        0,
        0,
        0,
        0,
        0,
        0,
        0,
        0,
        0,
        0,
        0,
        0,
        0,
        0,
        0,
        0,
        0,
        0,
        0,
        0,
        0,
        0,
        0,
        0,
        0,
        0,
        0,
        0,
        0,
        0,
        0,
        0,
        0,
        0,
        0,
        0,
        0,
        0,
        0,
        0,
        0,
        0,
        0,
        0,
        0,
        0,
        0,
        0,
        0,
        0,
        0,
        0,
        0,
        0,
        0,
        0,
        0,
        0,
        0,
        0,
        0,
        0,
        0,
        0,
        0
      ]
    }
  ]
}
