git_hash,mean,stddev,median,user,system,min,max,git_message
e647481,0.009793729358214284,0.00037312157109733405,0.00975335176,0.005512718214285718,0.004212283928571428,0.009052228760000001,0.012012965760000001,removed excess files
cc4084c,0.009378768322702697,0.000919868963106298,0.00914904002,0.005241776216216217,0.004110411027027025,0.00854538502,0.014451071020000001,fixed test script
