git_hash,mean,stddev,median,user,system,min,max,git_message
e647481,0.009793729358214284,0.00037312157109733405,0.00975335176,0.005512718214285718,0.004212283928571428,0.009052228760000001,0.012012965760000001,removed excess files
