git_hash,mean,stddev,median,user,system,min,max,git_message
f64ed6a,0.00951885019965065,0.00043794565476117927,0.0053753924890829665,0.004087157467248907,0.00881253568,0.01168203968,initial commit
